address,label,ens,other
0x1f9090aae28b8a3dceadf281b0f12828e676c326,rsync-builder,rsync-builder,rsync-builder.eth
0x95222290dd7278aa3ddd389cc1e1d165cc4bafe5,beaverbuild,beaverbuild,MEV Builder
0x4838b106fce9647bdf1e7877bf73ce8b0bad5f97,Titan Builder,Titan Builder,titanbuilder.eth
0xdafea492d9c6733ae3d56b7ed1adb60692c98bc5,Flashbots: Builder,Flashbots: Builder,flashbots-builder.eth
0xcdd37ada79f589c15bd4f8fd2083dc88e34a2af2,SideShift: Hot Wallet,SideShift: Hot Wallet,"More

 Token Approvals Beta Validate Account Balance 

 Check Previous Balance

 Update Name Tag Remove Name Tag Submit Label Report/Flag Address"
0x690b9a9e9aa1c9db991c7721a92d351db4fac990,builder0x69,builder0x69,builder0x69.eth
0x15652636f3898f550b257b89926d5566821c32e1,Across Protocol: Relayer 2,Across Protocol: Relayer 2,Across Protocol
0x5124fcc2b3f99f571ad67d075643c743f38f1c34,Faith Builder,Faith Builder,MEV Builder
0x0aa8ebb6ad5a8e499e550ae2c461197624c6e667,MEV Builder: 0x0Aa...667,MEV Builder: 0x0Aa...667,MEV Builder
0xfefea9427bef554cc572bc4e887a0b9642fd8f4e,ifyouboughtmiladyfor3eviaopenseaitdoesntmakeyouaninsidersostopbuildingshitwedontneed.eth,ifyouboughtmiladyfor3eviaopenseaitdoesntmakeyouaninsidersostopbuildingshitwedontneed.eth,"More

 Token Approvals Beta Validate Account Balance 

 Check Previous Balance

 Update Name Tag Submit Label Report/Flag Address"
0x061f7937b7b2bc7596539959804f86538b6368dc,KuCoin: Deposit Funder,KuCoin: Deposit Funder,KuCoin
0x3b64216ad1a58f61538b4fa1b27327675ab7ed67,Boba Builder,Boba Builder,boba-builder.eth
0xe73588814aafd7a58f2160a833aa9a33b4807a16,sneakyninjapantsisaserialruggerscammerandathief.eth,sneakyninjapantsisaserialruggerscammerandathief.eth,"More

 Token Approvals Beta Validate Account Balance 

 Check Previous Balance

 Update Name Tag Submit Label Report/Flag Address"
0xfeebabe6b0418ec13b30aadf129f5dcdd4f70cea,eth-builder,eth-builder,sendbundle.eth
0xbd3afb0bb76683ecb4225f9dbc91f998713c3b01,MEV Builder: 0xbd...b01,MEV Builder: 0xbd...b01,MEV Builder
0xbaf6dc2e647aeb6f510f9e318856a1bcd66c5e19,MEV Builder: 0xBaF...e19,MEV Builder: 0xBaF...e19,MEV Builder
0x333333f332a06ecb5d20d35da44ba07986d6e203,MEV Builder: 0x333...203,MEV Builder: 0x333...203,MEV Builder
0xf505a1ff96d842185cef8757fbd0b4497d86a661,0xF505A1...7D86A661,"More

 Token Approvals Beta Validate Account Balance 

 Check Previous Balance

 Update Name Tag Submit Label Report/Flag Address",Bitrock (BITROC...)
0x8d0521c7748e47369794cd346fb61ad31b0a2b03,0x8D0521...1b0a2b03,"More

 Token Approvals Beta Validate Account Balance 

 Check Previous Balance

 Update Name Tag Submit Label Report/Flag Address",!SNXPool.com ($ sUSD)
0x3511f837687ff7272a39a231cac1452ad71141fa,0x3511f8...d71141Fa,"More

 Token Approvals Beta Validate Account Balance 

 Check Previous Balance

 Update Name Tag Submit Label Report/Flag Address",!SNXPool.com (wSNX)
0x8eb2283f696f2a130134d46e28d3528e19e16868,0x8eB228...19e16868,"More

 Token Approvals Beta Validate Account Balance 

 Check Previous Balance

 Update Name Tag Submit Label Report/Flag Address",Adventure Go... (AGLD)
0xfde4013a60e79633c3395578c0b8a79ec397888f,0xfde401...c397888f,"More

 Token Approvals Beta Validate Account Balance 

 Check Previous Balance

 Update Name Tag Submit Label Report/Flag Address",Javelin Game... (JVL)
0x7225d8708b78772f7ccadc6df264c42b2b96c35a,0x7225D8...2b96C35a,"More

 Token Approvals Beta Validate Account Balance 

 Check Previous Balance

 Update Name Tag Submit Label Report/Flag Address",!SNXPool.com (wSNX)
0x2cb0d9816223c2fee4c2e5339618cd0347dc6a66,0x2cB0D9...47DC6A66,"More

 Token Approvals Beta Validate Account Balance 

 Check Previous Balance

 Update Name Tag Submit Label Report/Flag Address",# apyeth.com (Visit ...)
0x7594f15d27b58c04b82c3891e6f5f4488b2006e0,0x7594F1...8b2006e0,"More

 Token Approvals Beta Validate Account Balance 

 Check Previous Balance

 Update Name Tag Submit Label Report/Flag Address",!SNXPool.com ($ sUSD)
0x2f61d0de31c5bb5025a6d67c09468fd228562db9,0x2F61d0...28562db9,"More

 Token Approvals Beta Validate Account Balance 

 Check Previous Balance

 Update Name Tag Submit Label Report/Flag Address",!SNXPool.com ($ sUSD)
0x084b1c8f241d0465f5431810a110b35e17974170,0x084B1c...17974170,"More

 Token Approvals Beta Validate Account Balance 

 Check Previous Balance

 Update Name Tag Submit Label Report/Flag Address",! usdcoin.fi... (Visit ...)
